{
  "version": 2,
  "public": true,
  "cleanUrls": true,
  "trailingSlash": false,
  "headers": [
    {
      "source": "/(.*)",
      "headers": [
        {
          "key": "X-Content-Type-Options",
          "value": "nosniff"
        },
        {
          "key": "X-Frame-Options",
          "value": "DENY"
        },
        {
          "key": "X-XSS-Protection",
          "value": "1; mode=block"
        },
        {
          "key": "Referrer-Policy",
          "value": "strict-origin-when-cross-origin"
        }
      ]
    },
    {
      "source": "/data/(.*)",
      "headers": [
        {
          "key": "Cache-Control",
          "value": "public, max-age=3600, must-revalidate"
        }
      ]
    }
  ],
  "redirects": [
    {
      "source": "/index",
      "destination": "/"
    }
  ]
}